{"initial_reset_timestamp": 1624051257.1906877, "timestamps": [1624051423.190898, 1624051423.3019884, 1624051423.439404, 1624051423.5783894, 1624051423.702475, 1624051423.806918, 1624051423.943683, 1624051424.0803444, 1624051424.2207782, 1624051424.3435884, 1624051424.4688978, 1624051424.5822182, 1624051424.7122743, 1624051424.8630323, 1624051425.0255585, 1624051425.1771824, 1624051425.318584, 1624051425.4773328, 1624051425.6256485, 1624051425.7819338, 1624051425.9339523, 1624051426.077777, 1624051426.222767, 1624051426.3632543, 1624051426.5069995, 1624051426.7237747, 1624051426.92268, 1624051427.0900078, 1624051427.3823073, 1624051427.5344405, 1624051427.6759543, 1624051427.8210971, 1624051427.9868112, 1624051428.1720128, 1624051428.372165, 1624051428.5528746, 1624051428.697428, 1624051428.8802416, 1624051429.0026453, 1624051429.1549175, 1624051429.3102012, 1624051429.478153, 1624051429.687986, 1624051429.8917482, 1624051430.0775647, 1624051430.241419, 1624051430.4216297, 1624051430.6073112, 1624051430.8032212, 1624051431.0380323, 1624051431.2928042, 1624051431.4444847, 1624051431.5801644, 1624051431.7365148, 1624051431.909143, 1624051432.0697906, 1624051432.2406003, 1624051432.3849418, 1624051432.5034645, 1624051432.6405056, 1624051432.8494632, 1624051433.0278876, 1624051433.209692, 1624051433.3669548, 1624051433.5481448, 1624051433.7237513, 1624051433.9307387, 1624051434.1694787, 1624051434.3190315, 1624051434.479417, 1624051434.636059, 1624051434.8408678, 1624051435.0122683, 1624051435.1734543, 1624051435.3861234, 1624051435.5925634, 1624051435.744936, 1624051435.9083931, 1624051436.0828536, 1624051436.2246416, 1624051436.3776855, 1624051436.5312407, 1624051436.7391632, 1624051436.963248, 1624051437.089194, 1624051437.238247, 1624051437.4084826, 1624051437.5573215, 1624051437.766152, 1624051437.9206574, 1624051438.063977, 1624051438.2187235, 1624051438.388981, 1624051438.5159965, 1624051438.63797, 1624051438.8166106, 1624051438.9949057, 1624051439.142953, 1624051439.2560046, 1624051439.3973413, 1624051439.5551689, 1624051439.6894515, 1624051439.8899755, 1624051440.0276392, 1624051440.2022598, 1624051440.3428583, 1624051440.4979901, 1624051440.6224942, 1624051440.7702465, 1624051440.8910851, 1624051441.0175529, 1624051441.1574254, 1624051441.2620995, 1624051441.4023566, 1624051441.5772648, 1624051441.7482774, 1624051441.893376, 1624051442.0636923, 1624051442.2045357, 1624051442.3576894, 1624051442.4906871, 1624051442.6333964, 1624051442.763049, 1624051442.9617376, 1624051443.0905547, 1624051443.2153199, 1624051443.3877757, 1624051443.5003288, 1624051443.5981123, 1624051443.7601895, 1624051443.9236913, 1624051444.067861, 1624051444.1888328, 1624051444.3462713, 1624051444.5776129, 1624051444.7427297, 1624051444.8827672, 1624051445.1088953, 1624051445.340333, 1624051445.537586, 1624051445.7619598, 1624051446.1986735, 1624051446.3884187, 1624051446.594697, 1624051446.8093345, 1624051447.0905423, 1624051447.2336104, 1624051447.4469078, 1624051447.721819, 1624051447.8669493, 1624051448.0489194, 1624051448.1921384, 1624051448.317324, 1624051448.4501824, 1624051448.5974498, 1624051448.768651, 1624051448.926155, 1624051449.0778131, 1624051449.2337048, 1624051449.408994, 1624051449.5761893, 1624051449.726378, 1624051449.8950717, 1624051450.061678, 1624051450.2503037, 1624051450.3812656, 1624051450.5334957, 1624051450.709492, 1624051450.8675826, 1624051450.9853578, 1624051451.1359568, 1624051451.28362, 1624051451.4378023, 1624051451.577204, 1624051451.6977863, 1624051451.843004, 1624051451.9871275, 1624051452.1430497, 1624051452.2848017, 1624051452.4014482, 1624051452.534908, 1624051452.6601229, 1624051452.8048363, 1624051452.964784, 1624051453.1227484], "episode_lengths": [2198, 1, 1, 1, 1, 1, 1, 1, 1, 1, 1, 1, 1, 1, 1, 1, 1, 1, 1, 1, 1, 1, 1, 1, 1, 1, 1, 1, 1, 1, 1, 1, 1, 1, 1, 1, 1, 1, 1, 1, 1, 1, 1, 1, 1, 1, 1, 1, 1, 1, 1, 1, 1, 1, 1, 1, 1, 1, 1, 1, 1, 1, 1, 1, 1, 1, 1, 1, 1, 1, 1, 1, 1, 1, 1, 1, 1, 1, 1, 1, 1, 1, 1, 1, 1, 1, 1, 1, 1, 1, 1, 1, 1, 1, 1, 1, 1, 1, 1, 1, 1, 1, 1, 1, 1, 1, 1, 1, 1, 1, 1, 1, 1, 1, 1, 1, 1, 1, 1, 1, 1, 1, 1, 1, 1, 1, 1, 1, 1, 1, 1, 1, 1, 1, 1, 1, 1, 1, 1, 1, 1, 1, 1, 1, 1, 1, 1, 1, 1, 1, 1, 1, 1, 1, 1, 1, 1, 1, 1, 1, 1, 1, 1, 1, 1, 1, 1, 1, 1, 1, 1, 1, 1, 1, 1, 1, 1, 1, 1, 1, 1, 1, 1, 1, 1], "episode_rewards": [13194.0, -100.0, -100.0, -100.0, -100.0, -100.0, -100.0, -100.0, -100.0, -100.0, -100.0, -100.0, -100.0, -100.0, -100.0, -100.0, -100.0, -100.0, -100.0, -100.0, -100.0, -100.0, -100.0, -100.0, -100.0, -100.0, -100.0, -100.0, -100.0, -100.0, -100.0, -100.0, -100.0, -100.0, -100.0, -100.0, -100.0, -100.0, -100.0, -100.0, -100.0, -100.0, -100.0, -100.0, -100.0, -100.0, -100.0, -100.0, -100.0, -100.0, -100.0, -100.0, -100.0, -100.0, -100.0, -100.0, -100.0, -100.0, -100.0, -100.0, -100.0, -100.0, -100.0, -100.0, -100.0, -100.0, -100.0, -100.0, -100.0, -100.0, -100.0, -100.0, -100.0, -100.0, -100.0, -100.0, -100.0, -100.0, -100.0, -100.0, -100.0, -100.0, -100.0, -100.0, -100.0, -100.0, -100.0, -100.0, -100.0, -100.0, -100.0, -100.0, -100.0, -100.0, -100.0, -100.0, -100.0, -100.0, -100.0, -100.0, -100.0, -100.0, -100.0, -100.0, -100.0, -100.0, -100.0, -100.0, -100.0, -100.0, -100.0, -100.0, -100.0, -100.0, -100.0, -100.0, -100.0, -100.0, -100.0, -100.0, -100.0, -100.0, -100.0, -100.0, -100.0, -100.0, -100.0, -100.0, -100.0, -100.0, -100.0, -100.0, -100.0, -100.0, -100.0, -100.0, -100.0, -100.0, -100.0, -100.0, -100.0, -100.0, -100.0, -100.0, -100.0, -100.0, -100.0, -100.0, -100.0, -100.0, -100.0, -100.0, -100.0, -100.0, -100.0, -100.0, -100.0, -100.0, -100.0, -100.0, -100.0, -100.0, -100.0, -100.0, -100.0, -100.0, -100.0, -100.0, -100.0, -100.0, -100.0, -100.0, -100.0, -100.0, -100.0, -100.0, -100.0, -100.0, -100.0, -100.0, -100.0, -100.0, -100.0, -100.0, -100.0], "episode_types": ["t", "t", "t", "t", "t", "t", "t", "t", "t", "t", "t", "t", "t", "t", "t", "t", "t", "t", "t", "t", "t", "t", "t", "t", "t", "t", "t", "t", "t", "t", "t", "t", "t", "t", "t", "t", "t", "t", "t", "t", "t", "t", "t", "t", "t", "t", "t", "t", "t", "t", "t", "t", "t", "t", "t", "t", "t", "t", "t", "t", "t", "t", "t", "t", "t", "t", "t", "t", "t", "t", "t", "t", "t", "t", "t", "t", "t", "t", "t", "t", "t", "t", "t", "t", "t", "t", "t", "t", "t", "t", "t", "t", "t", "t", "t", "t", "t", "t", "t", "t", "t", "t", "t", "t", "t", "t", "t", "t", "t", "t", "t", "t", "t", "t", "t", "t", "t", "t", "t", "t", "t", "t", "t", "t", "t", "t", "t", "t", "t", "t", "t", "t", "t", "t", "t", "t", "t", "t", "t", "t", "t", "t", "t", "t", "t", "t", "t", "t", "t", "t", "t", "t", "t", "t", "t", "t", "t", "t", "t", "t", "t", "t", "t", "t", "t", "t", "t", "t", "t", "t", "t", "t", "t", "t", "t", "t", "t", "t", "t", "t", "t", "t", "t", "t", "t", "t"]}